onset	duration	trial_type	value	session_type	task_condition	sample	trial_index
149.1875	6.25	yellow	4	online	overt	38192	0
162.90625	6.25	orange	2	online	overt	41704	1
175.875	6.25	magenta	1	online	overt	45024	2
188.71875	6.25	orange	2	online	overt	48312	3
261.3125	6.25	yellow	4	online	overt	66896	4
275.40625	6.25	green	0	online	overt	70504	5
288.65625	6.25	orange	2	online	overt	73896	6
301.53125	6.25	violet	3	online	overt	77192	7
314.4375	6.25	yellow	4	online	overt	80496	8
326.9375	6.25	yellow	4	online	overt	83696	9
396.71875	6.25	magenta	1	online	overt	101560	10
410.96875	6.25	magenta	1	online	overt	105208	11
424.0	6.25	green	0	online	overt	108544	12
437.625	6.25	magenta	1	online	overt	112032	13
528.59375	6.25	magenta	1	online	overt	135320	14
542.78125	6.25	green	0	online	overt	138952	15
556.0	6.25	yellow	4	online	overt	142336	16
636.625	6.25	yellow	4	online	overt	162976	17
650.5625	6.25	orange	2	online	overt	166544	18
663.6875	6.25	violet	3	online	overt	169904	19
676.6875	6.25	orange	2	online	overt	173232	20
689.875	6.25	green	0	online	overt	176608	21
702.71875	6.25	yellow	4	online	overt	179896	22
716.03125	6.25	green	0	online	overt	183304	23
728.6875	6.25	magenta	1	online	overt	186544	24
741.34375	6.25	yellow	4	online	overt	189784	25
753.84375	6.25	yellow	4	online	overt	192984	26
766.25	6.25	orange	2	online	overt	196160	27
778.9375	6.25	magenta	1	online	overt	199408	28
791.4375	6.25	green	0	online	overt	202608	29
804.5	6.25	violet	3	online	overt	205952	30
817.28125	6.25	orange	2	online	overt	209224	31
830.59375	6.25	magenta	1	online	overt	212632	32
843.53125	6.25	orange	2	online	overt	215944	33
913.375	6.25	green	0	online	overt	233824	34
927.28125	6.25	yellow	4	online	overt	237384	35
940.28125	6.25	orange	2	online	overt	240712	36
953.3125	6.25	violet	3	online	overt	244048	37
966.125	6.25	yellow	4	online	overt	247328	38
979.3125	6.25	yellow	4	online	overt	250704	39
992.09375	6.25	magenta	1	online	overt	253976	40
1004.59375	6.25	green	0	online	overt	257176	41
1017.65625	6.25	green	0	online	overt	260520	42
1030.46875	6.25	violet	3	online	overt	263800	43
1043.0	6.25	violet	3	online	overt	267008	44
1115.1875	6.25	violet	3	online	overt	285488	45
1129.1875	6.25	violet	3	online	overt	289072	46
1142.15625	6.25	violet	3	online	overt	292392	47
1155.3125	6.25	violet	3	online	overt	295760	48
1244.15625	6.25	yellow	4	online	overt	318504	49
